-1.978733866635437,9.248819826514886,-8.852462854445491,-4.680943281343309,-6.807863132322165,-4.871183996525192,4.312951245240178,-8.517375032897178,-3.410662519744633,3.295913974988796,-9.121972325064343,-2.814148838326156,-1.296757939209519,0.858696496714575,-0.401306045302372,7.145879982465644,4.873708668413450,-0.917256530701518,3.043200240324030,4.486769566173635,6.799874082338000,8.791806944691569,-3.701805012884208,-9.261164903553777,-7.499762804839644
-3.084880612554873,9.999258856019491,-1.030395779556031,-3.792944363922651,-3.835663346947502,-6.293014253241753,-7.472364151350401,9.813684502798601,-5.542387403672424,5.123236881090357,7.522343829085973,5.394409467776073,4.222893468693735,-7.925568706658033,-9.002467436036357,-6.656781819274582,4.730633168337928,-8.933527305855200,8.553778905006059,-8.110826079212849,4.012192279951760,-3.071589620650625,9.122333767465815,1.978426059051872,-5.461878945994787
0.567376713520058,-0.959546264252978,-5.609032879353800,-7.321590169944498,-0.408743426537630,-2.360499121593190,5.635020624914064,-9.696460192238600,-8.626101255308411,2.023960871563206,0.037690354454700,-9.005796327822095,0.579019239137107,7.879930301226462,6.081383404258876,-2.316271874009694,1.180283537466799,2.991587547917657,-1.109653593421950,-0.090508212439408,-3.432732391660021,0.634894437626416,5.637381706087838,-2.688535945646072,8.288334284237894
4.683180152818331,-6.091660017068556,-0.183007467049270,9.519646207836733,-4.039085308853679,5.191694868157253,-3.002389779485339,-4.425352042523709,-0.435176291119115,-3.453201636185907,-8.744201746772983,0.614932140079860,-9.042534488380237,0.223773538893752,3.436661229252172,-7.934410892998514,-5.716245984149486,6.636665828996907,5.214620362221487,-9.111942547732614,-0.758330395941446,-4.361849008583746,1.524304520548608,6.825162912742442,1.275668226279169
-9.434932194245796,6.197499013227038,0.103410926338956,-9.187487803411553,-1.244120297185315,5.336017980795308,-5.666944226359218,5.162013936077747,-7.359301880995124,0.919836742224687,-8.826249681124647,7.838198339092038,-1.544600469962576,-1.248322170680716,-3.040887163940196,9.505131812262309,-4.938634401447352,-1.803882292157262,-5.949396587558367,0.459824020787368,0.930826109076010,-7.938818564931203,-4.953821874200585,3.972823455678549,-7.093868437396040
1.570165759612138,-4.120303832335837,5.775573943745391,-1.298433137344974,6.998036668223016,6.702413960543645,-1.575155442728429,2.499749135513721,4.196221055319667,-8.302407705570783,4.157975275613770,-5.837476310634742,-1.149611933511252,6.517036198670944,-0.297129511030363,6.352939615316654,-3.784904524910337,8.591732534375510,0.051375258239201,-9.355178381473557,-1.757261721491064,-8.630111530746847,-0.019295056894164,3.210425933946885,-5.007423645770118
-8.409652363624403,-6.039036846119414,9.349173589299248,-3.743736140481044,-3.001904778136721,-1.975033648469056,1.034822452335362,-9.549366106363973,-8.349081622709811,2.000612578902395,4.239433475910879,-7.459991352555555,9.653793495497396,9.724273762505042,-8.199471599723459,-2.086008400654396,-9.475128494097692,-9.984715153425007,-5.156984315526949,-8.798817462496411,7.783067470554851,-9.905880599456191,1.362704360736540,-3.482381241460848,9.364410470462129
-4.669229060722502,-5.824753662004582,0.059230937860077,-8.712454042007789,9.373422507929099,8.277781235480290,-3.014846023321345,9.805172097412090,0.338986732669621,6.548575961197990,-0.146990802690755,-7.323282152373651,3.297827671421160,1.783295365227156,-4.761463907227053,-2.833853004321467,2.829395565094613,-4.066123884655431,-5.336242501319457,-2.330293899319534,8.676240498167108,-9.964339011486436,-0.458677524613144,5.913760481338466,-4.457226100286031
-5.068328889522926,-2.920833187673981,3.022562593455412,-9.345138635640581,-7.466389738297869,-3.741656817969679,-7.811000994946959,8.710981569884801,4.096015330477398,-8.514329747012512,-6.804065948512791,3.022826816603288,6.657488564563582,3.172728175895006,2.445900327060944,3.065934117295544,6.172586599096917,-8.793117792208346,1.023883684814216,-5.885871025803471,4.855307284620698,5.695164357052956,8.907819411411943,-6.351216139297494,7.767355628486722
-6.405916022529103,2.395762877069467,-8.106942455222523,-0.272675381341127,-8.706986948607289,4.155990899480063,2.963993609518088,3.610029258272231,3.563212162664030,-2.396498867344552,-3.251361005135280,6.098542122677038,7.198442564635808,1.080515518514339,-1.315929299669490,9.139500897674161,-0.650393395997666,-8.098404525964982,4.317305289441062,8.896569490627918,-3.191666077715272,0.357272011923971,-4.887505651997028,5.029216609870140,5.407114965036602
-4.152676538862716,8.994858297250342,9.029848780681515,-3.416392238967212,8.780948997555367,6.596403756742880,-7.928432996175301,5.241538439011482,7.831422663832512,-6.629205034255568,4.466364871563988,-5.200537633044632,-8.037520722391807,9.891755428582215,7.777988109831796,8.823087544532338,-5.274914252617093,0.624655041064075,2.925567112998902,9.001985490836756,-2.868337541862440,4.929066024083500,4.043015805125666,-6.542468307209592,1.415382129558315
-9.165302134032686,2.982886929550768,-9.960574336677272,0.919530400984714,-5.670487029685310,5.625357121456759,-7.271334992080105,-0.562347947228643,-6.044900847938539,5.089430308183152,-7.790441832323998,1.199309419997652,-7.120631943631137,8.353171721613229,-3.217648604359122,-7.367031797295986,-2.946471303101548,4.375458134024806,9.274851081042609,-3.014001426306605,-2.356592726249311,-5.215844943099428,-0.034519706510688,8.253682472276079,7.231382502256849
9.226267498704285,-9.787049076723891,6.184959400021434,3.186566155645318,-8.872809669471287,9.789439801691003,6.321565783538752,3.149272709504212,4.561976450917044,-8.632593707538774,8.637358683496291,-5.753940208880435,1.565399897558404,-5.479770870404172,6.104468523979712,2.581496874401374,-5.897002275784029,-7.092931949122557,-8.735274559829131,-0.849931124995591,-3.691561120673845,-4.261942729422792,-2.003087028653947,8.048832483751937,1.791358150266877
9.347202367637799,-6.783993365635029,0.355456057396603,-2.304815261176902,2.819932004936351,9.153936256273930,-1.703092673254066,-4.986502808843913,2.120408864686258,-0.072334441703109,1.669108091481124,8.622668091275365,0.962121936986991,-3.825484336359912,2.702404047521982,9.067440577947618,-7.212421280510819,2.818970783159793,7.291212073631883,0.484979924875258,3.289637747498642,-3.364331258040973,9.714047045635269,-0.561020307129333,9.620051411744921
8.086995649294447,-4.854042651066437,-0.914899959217617,-0.405350851978659,3.960118109304370,9.876996390747856,-4.667950847852726,7.555855650060405,-3.261769540356639,7.261338521803250,0.424664564180775,7.752642677169451,-6.826627628572806,-7.549258004730104,-3.615378105400120,-2.861494615306297,-0.294275795504944,6.631582013766760,-3.648576570905487,-5.227569963787810,1.757363764441726,-2.111513407245713,-4.414003170762437,-9.610447378752831,8.133712527962619
2.249792419590317,-9.711036221899336,7.188870088485356,6.457138794462278,-8.796784371798690,-3.308739001642262,9.533169337141558,8.689694603790667,5.041326489825158,-4.257285964552269,6.872282887833812,-3.261515458451321,6.008018910023814,8.223950909023458,8.265979864085324,-6.307297641558282,0.718929392344979,7.033738259989054,2.590399018413121,9.341592411355503,-0.614285051427419,-3.795506858495150,1.963331915333480,3.445883610647433,-8.719217089301415
-6.719946281792657,-1.098357844919251,-6.992449455034759,-2.536830676183843,6.548608288453469,5.541607092063979,-8.501338056560897,-6.078568978252450,6.902839499627650,-3.149580369904048,0.098212770865659,2.606272250080782,-7.475920490521126,-0.366299862975509,-0.184498696420656,0.375470039280192,-6.094172767658423,1.519866472889767,-8.399891521114265,6.650321858334539,1.261855679787814,-5.927509534873801,-3.406098351901480,8.919871255077911,6.220153813167308
-3.399882302636668,5.010972945844276,-6.107043759305595,-5.763178425402218,-0.590606977898446,3.088495322396000,-3.233506318867747,-0.859498034376507,8.969104965014118,6.472400565461150,-9.482260721618081,-5.952492058116281,-4.431137335869382,-7.220023160699565,8.829628617744778,8.318725046956082,0.463992397003034,6.405009324317479,-6.413839196923194,-1.781119664076837,3.377349307727776,5.280059750123600,1.217522783082071,-9.833988265347326,4.365797475322948
1.659749784718416,2.182363243623271,9.584775826067677,3.327538889160371,2.911123184641468,0.427511825284082,5.803857428731764,5.023019154067059,5.108448215191725,-7.970057582312887,2.732141246407894,5.341005655065299,6.822960210883373,-1.425382937578778,1.809198188823601,-4.626657394613652,-5.736514580173148,-1.263938477390765,-1.147155089830383,1.416845104258275,-5.889048460989523,-4.036208788096709,5.780397741616616,1.962533703687734,-6.334361220774505
-6.439915163793797,2.806248779360569,9.598709676571591,1.557356442807837,-9.266682264139160,-9.390081281981677,8.639673719223421,2.742416434690520,2.438630812980939,-4.008416797472045,-6.171912526497792,2.074878643850314,4.151803624270938,2.184069161984377,8.761246467054129,3.603885277970630,0.554211970975535,9.451360337114952,5.814443146116059,6.430427218296536,0.003588680446807,4.605264467437278,6.276346957281646,-0.159286415834057,-0.476832053281328
-8.513277516980223,5.220480400281385,-5.457863881658889,-4.453645799666681,0.253448186849765,1.183169161365477,-1.206648529049835,4.684955197382743,-9.320916596807665,-3.091706492635988,-3.245097422319430,4.703926815841289,3.273301304922098,9.219052156538737,-4.754142187397998,-8.155516140294070,4.923173960324119,-4.993219016978614,-1.194851730069843,1.192361620787349,-0.163905574262746,0.261277539069516,-1.827484753366338,8.005122096213068,-0.125309530912013
-1.915812412215224,-5.697357936381970,-3.043385283210713,-7.517562153989630,4.560964960363332,1.546912548734538,-8.453167564871226,0.001470491863365,-2.651957947257630,4.393880379706692,3.421790071547221,-4.096396868558916,-4.149543069942442,-4.731900812320551,7.177407045066150,4.059662536368764,-4.197213239412512,-0.255645518771585,-4.916606047335447,-0.780822332677964,-3.970046209175320,-3.077630810646963,-8.735232950269594,6.771331762496541,-0.020246239271609
-7.045638854413816,-2.872925289510471,-4.421473523085271,1.316199648773100,-1.947759176888813,-9.706942227702529,9.333411865033881,5.654459325885773,6.896282877548209,-5.645287342919245,-1.607423440460522,-6.507986253932502,5.856735987233632,6.016766482298848,-0.416907671510547,7.300720644503247,-9.815779547161620,-1.838897141055440,3.910562715208306,4.859459963424221,-6.651124822632406,4.338632084382999,-7.898152193689397,0.896939357086266,-2.305186019285081
-4.336105528436183,-8.750010360830672,-1.189556515979302,-8.850595579410355,-2.247365756806468,9.421436513166938,0.418622422415812,-5.600884081470703,-3.689619699549318,-7.682923145888150,9.894776561277027,-5.569011947771251,-0.953399788992694,7.522424105836681,-1.555838685936248,4.320147377923778,2.626084394357463,9.740281628839256,2.143621615686778,1.674654062579734,-3.141239197765053,-7.937935698788554,8.505114569538620,7.582513998404398,8.724785386328751
-2.383853218631542,-4.105778139572673,7.396493956724889,-6.279245752187963,-5.463792407202082,-7.255994242438373,0.374283420676845,1.382996686307791,7.724575692172387,-5.514307532072841,9.274637723963323,-1.613884020712998,9.318423204566180,9.151365903594186,-8.115497719636702,-7.699944861641670,-3.394252547761778,-3.350668591009796,2.033367354958049,5.012520182317504,-8.388275596955365,-0.421865794228351,-1.203490459218505,6.929484957911548,5.391248883091762
