-193.193141331003289,43.054314299196477,99.413697847579328,-45.309578996691322,-165.607630154103902,-114.295075125413504,55.841612590914451,68.768793447517425,-42.376488272349469,-158.966043164528514,181.273403882756099,-46.297100617356882,186.649984405097655,258.157773938472701,-14.522650873498934,-18.299117307257895,78.111425341449845,-133.109412995265586,225.139247589881478,140.451810345574017,-162.377315914079560,65.625292608113170,106.148932765273628,137.428038083086136,141.885615662893827
419.057566763574755,-245.330436787163620,325.434021842637378,347.160407443056101,178.173353811805526,-33.637693198952945,321.853374327002996,103.437315196507384,413.802140627635822,-225.751437923457274,361.690882387333204,29.326942656094555,161.680806793969339,-223.728333434978651,242.388906797357805,120.155401914484898,-295.011351833613048,128.827640765611761,-95.622678394899566,92.304836126921032,-174.017226444977325,-87.156752196090679,34.150095591035125,9.606534337523243,-218.996708748806384
-281.568933672551566,75.991624128194061,-102.715194056537825,-111.362476979238409,-24.580317484287889,-230.348388923883164,11.391608871876549,53.340697960347981,152.194488755927892,-69.909061044126830,-90.302770301192481,-65.626862753720928,147.200245840081266,52.215248790104610,-103.141309077386126,236.310044064832113,73.891623853672783,39.839138683395667,329.487745582267451,-10.515974066812714,31.278372036370083,109.418261447062179,76.897824012912182,-8.115902558745695,-58.088698845096260
64.291127922530620,86.713251996851994,292.913452897621653,17.976195777674711,199.241701106698258,-208.844051814778652,-117.552876577885797,235.226479052655264,50.693438886420637,276.164082971809933,108.173325040388590,99.118460795163486,125.206753422046773,-294.080213395699104,-141.418658463775699,-209.583056579649224,146.003295139253368,-220.693559343425648,-81.250460373777514,-114.669684340887457,307.080397617285485,81.123878198496897,138.527793543281064,-425.118132892786889,-78.055459035116030
-41.505987154561353,53.311939015001109,-115.279156008769192,-195.188944101380400,52.019498572934346,72.201586747259327,-4.253352319092025,-150.865069948563104,-31.168619172954010,94.516428911565612,15.831775278707745,118.990687648146377,58.818244222201031,-118.011423077573681,-250.544757613158595,353.024910054878433,-277.907899391300646,-93.179343052692502,-96.453088266245544,28.094556630606771,-105.756049017336125,-25.545947195474547,-267.988459505032665,-124.678689435509014,149.959502976782602
-226.468078469172610,150.698193096151158,-161.813691590901783,-118.371661190235642,114.164512297402339,53.286242423189918,-157.879995440192573,-129.920643854486400,-134.835706224924422,59.643521763801488,54.254790338615749,-53.978051538902221,4.279863499180678,80.267997714595936,9.656640110655289,-61.518159921646813,200.243584961167869,-173.933442598819028,-108.341962385693066,74.504167218428762,97.663943572639170,39.440872867322447,25.323023184421530,7.894445637235357,43.548775480711257
-136.197045115123018,218.409217747982268,62.175742158231785,-186.612952506318379,66.648584609022379,-199.068700375332696,-165.970039156037700,-54.073590568832550,-75.548903692135951,19.017940237454006,-179.547669057123841,134.951232268594651,-60.449799970160157,20.380421488861661,-103.347601622444742,294.364504104119021,60.287457485937345,-122.098680557313571,-80.630570440454463,85.560933295872090,63.722480511920878,324.932167055876164,-153.749295701284296,-396.002174074131403,42.506888084061210
14.544253966505494,58.569948624217034,212.935907120639229,41.301313381269843,115.040135049883190,-159.376292071375502,130.335534846003299,216.077649249181405,47.334442900863728,-57.564550718772431,142.344725247771663,21.500216891554182,180.836686758116770,170.341013948098663,161.150354776503889,-41.451818427322792,-65.203410007220285,-2.508274607833904,137.707645630182128,128.777272010901697,-74.460312363436032,130.026959488916589,113.014937739336403,-175.292224881140555,-30.974898942149885
-126.245919084933377,270.892980058830915,270.724132421843706,130.868990073222506,27.335495200853398,-229.985438179067359,22.791070894748927,347.152202364526204,7.227248537706373,-113.731386485024018,-89.871974152320064,68.718859500736329,-86.636458424333455,91.753237103569461,191.146317780509406,-84.259533527141670,50.566553690408739,343.796514259897208,178.395664361382416,-29.972424906973721,-142.269479622544111,177.089731736667289,147.683906766008164,-246.337535215000855,-267.018895837964521
-208.107963440579312,-16.747907741606276,-165.545217583170057,2.133442235909570,41.828093361694869,150.523382368099476,-207.389831464147477,339.340412961665038,-64.628090498963559,109.753503360220620,75.097126576996700,152.628335362498746,-76.769897837005033,-112.194006411929266,-100.274070550365451,30.466813698658868,-134.692372103851397,-93.387724700767961,-55.573730249474679,21.368723669457445,55.815039200166751,-248.783465022500394,-247.762617503332933,261.581721502938251,-99.083104194903740
-350.825429288876990,413.776360261727348,65.007266640842644,-60.660807106609596,68.041290403058937,-250.499190592967636,60.684076047546107,328.684554481532075,10.037360015928920,-0.522862239071218,-151.971487907029143,-12.689542500515360,223.286727345823977,193.205671238131004,-201.090820893058776,71.068343683132397,74.142255442311168,-310.644946973953608,187.064849796994906,108.181529157367706,17.974946094095785,191.900187081284201,-118.514574943146201,-84.792358900568971,-313.000406491040565
-285.417421131726485,113.489964165682196,92.910160878582616,-157.384044355924431,-88.499592557555488,179.923115068187172,-247.149236446281634,358.778354350736777,80.442172972730333,-29.135278649911434,-107.056978986726222,85.697695485205728,70.443787098122499,14.227604876168670,-16.752207801887153,54.758078947571867,25.602926967842492,-245.317706194004330,-62.244524637343019,-40.895535519954400,220.245259053036079,-137.676530841169978,140.521762952374871,86.986289744478810,18.883983443798712
-3.233393810205818,-163.945394054020795,476.676730391635715,31.968175068682868,-46.337057746689737,-127.268395938276029,-74.642352156858237,278.189582028473410,187.636410165022539,-239.723509469905110,285.087766921579089,-96.105122996985671,161.207681648125401,237.317015499721151,15.201425820633474,-134.865962968846219,121.610249145827368,11.106020666261792,65.341262440654916,1.328950639501336,-125.433938999832861,-75.372066307119553,71.482851633678195,141.363062540040914,-166.887764206340279
186.476674378721611,-74.921904293773522,139.386351510125337,306.929722480053670,72.885760571621489,-36.071882543726645,44.681557066394511,-42.207856717416064,105.838007188767875,37.722458131216264,-44.897322583449196,204.036849256221160,-26.792468557630322,-51.087525815147842,-53.331960853185912,-30.309851233485112,-145.063380932220184,293.768938591274946,241.399044904058087,-59.470556345930902,-62.004421605969775,-151.030673606436977,51.749125946051478,103.232813812367112,-215.707011742746033
156.804766492721200,-162.221121667244063,16.703976825629752,41.014132982198753,-407.333136944350144,-86.961323684263874,301.947272516609814,-138.807748376935166,-37.256824468280492,-151.001485751088325,8.334775145806645,228.971732761214014,108.415849446351260,32.084146930652338,80.601995021082175,76.004714780107420,66.311597427694693,244.595434502043616,201.194388246620520,278.588848580767660,-159.048344211039307,124.683307489686484,129.205488038015488,19.742945088586161,190.337011752968493
-121.258646223268755,-3.293649708760544,213.991872855823459,-155.295839360713728,18.275563849669993,11.169423850711880,64.232216751770864,65.868327577440326,176.109801377590202,-257.240200986523405,1.681673131503580,-184.178817014171045,181.747533233704502,193.288438346694193,258.273589225598016,293.272584296647267,-208.122313256757252,-86.299502296511619,107.905157885884194,-18.836788016456307,12.457122192265146,-12.737740193279176,298.555845649317689,-55.817969572030520,54.459260534388747
95.406730695468539,-234.434331797349699,213.277750171094567,-158.452283621472674,218.161235694888774,-31.531089341563646,68.819540828897445,68.418609901109050,11.734124626803716,-111.933760475417969,287.661279688790444,-137.695728439952319,229.768165729112781,-10.212463301059820,-65.777290672387352,75.858961184305159,-190.019105583402734,-185.575705328888802,-112.084049098517056,-157.937760574164230,-194.084214604219198,-89.748082836090830,-19.994694106336404,-38.536510824057800,135.057442478677046
98.984252287288129,-203.091895134554903,65.337636975350250,-47.449811665225866,-69.092095401457101,29.293748997720524,18.351650164377421,-39.918118298973766,-63.571928456634879,159.551147184147140,11.155545161403277,52.053875540435492,60.444780376496368,-154.289969289121387,-10.728538192032062,190.836224541893614,-167.706234816769893,191.573343607894003,102.271785186232265,-198.378457592326271,116.438616108201430,-178.291424909097174,18.957069941870206,-205.365849956801753,6.565771404119863
52.440859273068824,187.774543599205373,22.153158774674743,-139.315905532094348,-144.483640705457361,114.535348308076237,-94.284964123918556,66.329333026366328,-64.571345411544172,-153.134113643580633,-116.065880625178437,189.542078808205673,-15.419743753316673,-188.388217816006346,307.910981758404944,217.169956283305879,31.067564763367979,73.948521689591871,120.840810140470765,-153.974233557991624,-88.933053798358472,32.408292552921978,365.638792710689415,-40.919472414023090,35.520713543463614
-171.847383372428311,66.361055639256350,65.015633339311606,-89.967189378558317,-2.422859282972773,-257.235945615134142,-161.083236202955590,46.683419891385384,-21.495746990916235,-287.452138457426599,33.619826655744518,48.357974358896712,-79.754761324673282,139.847181142765919,56.079797785439595,-245.458508469806020,131.624993997998672,136.019909398117534,38.234700277602400,-52.463982193481456,-148.236396556487819,119.235124157697683,174.923414432206613,98.762748796157041,70.733915406421801
-215.915868543888195,-41.504622521263606,-70.849365979817364,-179.391303629716589,168.437895444287335,182.988247701782257,-175.043730408199281,-18.607119502317435,-104.371011815004920,52.749462729529846,221.319154954092824,-107.004072718417390,-1.486042649399674,230.569882521578336,-148.630273056400654,-108.028239319805124,-26.309866314424237,-2.750098326374180,92.544725063359039,-20.009472812778949,-15.923677190573056,-295.169048032612068,214.536523934989020,217.893694033347941,256.995663010904593
-213.201438613591733,29.213009944228183,1.764837376560626,-107.555219002227361,-357.294315439937066,-61.396236810430700,78.633772988291298,74.145307133235406,-53.015431121023703,-243.336930998285823,267.820587003554351,-45.342070021835752,183.020513452023238,305.769942758753416,83.039364062108518,-29.425912047142205,-1.774962239209149,-181.161686302740350,290.737333582441124,296.526432362236960,-194.698094740265702,10.668952039085237,212.242946615814049,257.242120535677202,162.852903999032520
98.926814266433155,44.836008625666352,274.043318566858773,249.061511651134992,-128.029711797077510,-211.736022247576386,137.518155124337682,154.283181769935538,6.174724434560368,-297.200090947105025,338.592274636305831,-49.830200587384731,127.197095286782798,205.526734069919740,-131.979529663015398,-427.796166427613457,218.805882587766291,66.049012825502487,313.438780655101823,-29.484837332883593,-174.652569310569902,-48.685640677755494,143.749431126461161,324.687095289303841,-481.276008393179836
-212.112358804824652,168.960194966163073,-415.440497475759685,-153.696178896886295,72.783878167303186,-26.585242460315374,-36.980677945067782,-357.458955142962907,-281.036899332219548,105.744751592428429,-18.857031067507886,27.725802893336713,-22.943028163673304,56.278311959092072,-151.761382640050101,192.164216753130290,-124.997015526133609,-155.433047257890394,40.084849655113160,122.815144459597903,-31.208096188466143,-50.867826751963214,-187.228816811852511,177.902504055850244,-39.274700708823929
-57.562501624580463,125.500444162575178,98.564078170956208,39.676825584300410,58.156223660163498,-149.210830276491976,23.828779144152143,389.398439515014786,215.685277453546661,-1.362851827700545,-107.627443830113322,-83.794915311233893,-70.255283363465921,101.819834742673152,110.798566485359032,-58.527845601219553,21.110410658940811,159.617714238155770,23.435563316429011,119.786030304930648,-71.322131791698666,175.567251815642663,-74.091265848079104,-132.097054723052537,-209.996484861209694
