-2.474333742124002,-5.484682655449165,0.729827501150062,3.713589421771211,9.073752533582315,-9.552147364266972,-9.130758115484126,4.968481631988686,-1.090107485053647,-0.270420080273844,3.316377216538749,4.984156962521457,9.423822976829413,5.702723981278455,3.469994095818631,-8.923267914653676,8.290761822599325,5.244745086217005,-8.621403504614442,-1.578548569374439,-3.448961788794009,8.766064679153878,-5.993491669421420,-5.976062039853520,-7.268510021468835,5.861745862433425,2.007067106752610,-1.698340203282328,8.891979884881877,-7.674274189998371,5.993434384616119,3.405350172151202,5.396421422052288,-3.935728800462169,7.795721929615990,8.079758022035694,4.975608013547477,-1.430125271962146,-1.941010701091692,2.332328894686862,9.343118108362621,-3.847498636635384,4.417922263467169,3.668360464779743,-2.920516418380719,-5.370596988147279,-8.658001353868091,-9.543862038007049,-0.608319581802796,6.584275435681860
8.405984286128621,-6.690362045993322,-4.713451341663411,-8.955927992370354,4.494559346570639,-8.845821982570035,8.250409987297335,-4.724481873163457,2.612815372555229,3.394018010268789,-5.183515622472841,2.120382249427310,7.333827692942325,-8.403520120434871,-6.924255635317271,2.619859709315694,8.613937067969232,4.350826796765372,-5.484671803968697,-2.007567618844794,4.607946777680130,9.419959377709823,-8.105758234423952,0.671771625054262,4.407720876577091,6.053705931643805,-5.171962167224653,-3.054213425794354,-7.217956835186474,-9.723612747712123,-6.948994936076867,-3.583916497846731,7.150686873132393,1.747449671982480,-2.912373860197686,1.066212192110070,6.473393174983919,-5.930047331438919,1.260271571503742,-2.711998933728264,-3.282832299184468,4.980828344821504,-0.747040071435803,2.200467909814066,3.361898064413435,5.044216920675485,-4.935486075449695,-4.584388281096912,8.420443546665709,-2.061085208558517
0.076217229993778,6.952520830420628,-3.090266431804524,1.061217682630410,6.568700711706455,-5.021651497492949,4.438436365607718,2.332704849337732,-9.486777200959864,-5.440683576398342,-7.787004416930971,-8.266858724454739,-2.383737697154276,9.546082879605201,7.911955468405509,-8.288968962780046,7.464651755782622,-1.581346587523170,-1.924701845963060,2.888134632392024,5.897119082153164,-4.185103506613777,-3.938825823965306,7.784684344650575,-9.213497740228689,1.874749284706647,-4.274913579001947,-0.097960620776467,4.139363396596302,6.971322313008756,6.547978659575435,9.570802545378825,4.366247205788801,-4.276872873673588,6.294637933330030,-5.424224289037259,8.189900982784721,2.951670530670636,3.953474449830900,-7.809645509993370,2.785660671664946,2.369275832651480,-5.728753280570372,6.637936201982171,-2.676909102517556,7.873200592697827,-7.759672263514526,-9.835630170971685,-0.885519010114667,7.451814198527323
7.801469627881517,5.767249351273950,6.978571422665262,0.307049262011748,-0.764704191001403,-2.271229572867794,-3.775019386092664,-2.272925899557481,-5.751469253348061,4.304402264877234,-7.165783249218089,8.976653776073004,-2.941042734358598,-1.432192880139631,-6.337879365844268,-9.356523544236339,-5.876214357593332,5.414959037377283,-8.185437545740424,5.835372885671504,5.852784439317896,3.665275802697041,-1.673766901017926,-3.047463603245038,-2.309380588813637,6.728935388450921,4.206380036464141,-6.635555630371512,8.800466024833742,-8.337058023008710,-9.156025262296923,9.749230128397542,9.830205471865824,-2.878819985753629,-1.668113273222680,0.900249738780531,8.594037348749122,0.562851710843493,-6.931836205783042,5.357394453106210,6.153606698622308,-0.902532438190768,0.226639956638300,-9.792212129977294,6.908286365956737,-8.170875053558664,-6.041288270594755,-2.192992384344493,8.688538303265865,9.048029465631025
-5.699680693470168,-7.757773208317786,-2.555455096738499,-2.545426893439555,8.146182538057090,-7.468607164423593,-4.626963361522582,-9.904224832736286,-2.877933682344020,-2.624906773779130,3.256957852117015,-6.103737273477967,-4.287784418950277,-0.553823506783438,-8.427722218101826,-2.481985680714633,-4.421471503913414,-0.886036072985689,1.980487405579154,-2.846380553815095,-9.248033031962922,-7.481005858613070,8.096489160273816,-2.277692193929271,5.680882693307227,-1.194017972006531,-1.304942033115566,7.482658200224076,6.612663138589006,8.988737490396502,-7.829957988564241,-6.726700910226803,4.040351146113345,-6.103084276624406,-7.305708415475721,4.239497656995130,-0.365250903109411,7.484670232702534,9.011141935488126,2.902535303313359,9.027741774031377,-7.717967143074249,-0.350176561116534,5.348005152663617,-9.461872128700126,-2.401953329380239,0.855045441376765,-8.077698418112094,1.810581712012979,8.751790510355285
-7.820281503976105,-6.180164396622900,-8.356713933342810,5.390783282258230,-2.729603341936140,1.621714119710933,6.339713549321239,9.030406953825860,-3.853268257389304,-6.341629197831510,4.513261569160356,1.342452950743363,5.952172150029945,-9.909644049137023,9.690438252513658,8.594743502936282,5.278148982438369,-8.704011444468058,-3.474360691767742,0.657586126337790,3.943961261972449,-0.574074174238790,8.064337215299275,-6.640453517842417,-1.844100030838794,1.822294441996792,5.452844496454132,4.398425114345550,7.918770236239546,2.467591692617244,-2.361043874624233,5.736348523682233,7.074715062748567,6.419788235684507,-7.623991007365730,-4.042607440713823,8.999886527706352,8.897356409407266,6.242370458201250,6.812282618375100,-6.869728606947985,4.624715862972240,1.017792676960102,-3.741091208446205,-9.449760271043306,0.155452982539458,7.059556970754613,-1.804978026116453,-9.123443299105887,7.364686294155021
-1.730806613775959,-7.489372507553607,3.874799281195171,-9.507376608179719,2.589546532634939,-6.640666495462968,-4.233530854799832,2.340642161350283,3.432965344744295,-1.173584587024619,-1.020087649478832,5.232206297776651,-5.713823627387915,-4.309651676139956,7.753869667801517,1.490538293260244,4.698855721874299,5.107663827053656,-3.805740652528122,-8.157404337795796,-4.329259390884208,-7.962412918566657,0.665275823085295,-4.617814886736957,-2.860458935840042,-5.614437492150966,6.571835257289933,6.255093356613092,-2.917314015362331,8.578940470804874,-0.587095149344076,4.374378642576936,0.899462010686349,1.418317490579231,-9.563918781925452,2.219431412782974,-0.519250735867324,-1.063498067085192,-8.777751522498667,-7.098372452794306,-1.271540281118408,-3.788645453928144,-7.601568753253001,1.960929313699522,-9.490637830742086,7.410359501713756,1.067198508937796,-0.947155739544602,4.808608688894722,5.421219007141367
7.610193230163961,-6.785648572434704,-3.753017697182948,-2.591306614366307,-3.018198329616901,5.066815405071814,-2.564807533872862,2.528360481642242,6.807996924652215,1.694267628973694,4.816070234762897,-9.404911345486520,9.310891247883607,8.791124660832278,-7.873505733648265,-2.176171387999213,-4.937002497762826,-2.288161691731987,-1.038315675713246,2.138125995031357,-4.757533768821604,-0.434632414079568,-1.540379099507803,-0.800846961814226,4.536282531550588,-0.262305756577417,5.718442303565149,0.484258741919570,-3.603483827668104,3.874324869489437,-2.876605409719626,-0.035696241585587,-3.520343178681030,6.457908644743526,-8.833757283278436,-6.158901406477970,8.466833644089839,7.082179524139345,-7.553008763256075,2.510661976613040,5.411190010460983,-8.611483738502898,1.838210872997223,-0.238139134378619,7.380097307814783,-1.949413917238147,5.513568898294167,-6.216502551289156,-8.218691400313951,-4.513853347549190
-7.075468234536968,5.177296333664216,1.533401812832341,8.828143357168301,4.605985875738943,-8.215166914561959,-7.962785411288850,6.761978074755532,6.975966952407731,-0.450434827772543,-4.492198890410686,6.460350107825196,0.522039889638314,-9.768273430106539,-8.230039257016008,-1.735001452496373,-7.888445581417345,-1.690212097282963,1.330739531010776,2.912817884089542,8.583074579920623,4.161065292526818,6.859839277880361,1.909682302335884,6.171259213076006,6.601787210525281,-1.597784106834288,9.978636877707750,8.042402082426673,-0.086359201595485,-3.981512563960942,-9.909400078012522,5.956764709635156,-6.175306971201375,5.215204948254840,-3.877362432012990,9.902541391361556,3.804164604872950,5.615311280963130,5.062793747778137,-2.472535336425327,-3.590670302880041,-0.825014819750047,6.260658626306753,5.800048983016472,0.121904231256595,-1.157634223825648,-9.968402757749475,-3.706416529664431,5.258894926341430
-3.568894621613192,7.006916723467722,1.068743320619294,2.562609128098245,-0.739657425600155,-0.017009371023541,-6.598152095879895,-9.066651375491618,-9.492439729932819,-6.489141167166085,-6.872728447832266,-2.358780510942542,0.965153361997480,6.956194035679232,-7.749505563310377,-6.125005932694123,-3.817351673388756,-3.071357707021027,-6.740871481622404,-7.823745914644289,0.059369733107557,-9.477092668824000,-1.309018323361872,-0.200419794105676,3.114770238407294,-8.059291761326271,3.955705089390605,-6.238882398157921,2.518885628558747,-4.154771334051352,-9.799033194881112,-3.427733874415681,4.745024170695885,-8.456048920146390,7.352845697025071,2.948255521506047,-8.700831576785767,-6.598021495176880,-2.744496124311198,0.547294219812207,5.697147443758919,-7.846473722480656,-7.952446243788483,-3.515834606850579,0.876781043766615,-5.557274400936924,3.080328788072549,5.538786213813962,-6.771871307807926,-6.785289276556825
-9.411893117042609,7.717226449998968,0.709176282644499,3.964237115748917,-1.066221806319469,-5.399450982244081,-5.872253107167309,2.670610133632497,9.412526335622157,1.136715554411866,3.529118294810242,-9.340562586020827,2.872106863923809,-0.723568650419242,-4.428515660491328,3.234159455915721,-4.136606191818426,8.747855829507451,-6.739929646679612,3.193030897714198,9.207628105896951,5.666423545922509,-7.069557719494302,-3.523803264069397,-7.306076023742332,8.154471257418660,-1.608060869286373,-2.862962472853048,-4.909896712302560,-2.388334324838358,-2.675416846376615,-9.045325496018673,2.854154939576556,2.046791914237149,0.919821355443313,-1.037452742633000,-1.712343945379777,-0.098172584082384,-5.239256127478457,-1.841034774089712,3.618442054152268,-0.548386830124659,-7.983430459025649,6.667575227918544,-2.626481897224824,-1.259420487981593,-8.750372441174523,2.420965993949245,-5.199566131545703,5.675968947416061
-4.003799369228879,1.273449968466444,-3.849099642890341,-0.664948617172303,1.773759244991975,-8.681756069998624,-0.329837247051227,-4.166305671033406,3.220159348912571,-2.811083864686634,1.154827628378964,4.850764363781639,-3.967102058720158,3.224202361072354,4.336813352818423,-1.094988620680613,-3.180683310485060,-0.158591303553768,9.785219701597736,7.130609972815506,-2.343734836644453,-4.499022102437880,8.555447605632153,1.283092129140078,7.750616333864336,-1.833101936315519,6.376156109872969,0.443264898207067,-8.865209268365732,-3.553732131993479,-4.766376833121586,4.525373640652987,-1.446331865317884,5.959771084464959,-7.871504781179106,-9.637913877184396,-7.053628715353510,9.661901695330698,4.896944256117502,-8.782998762261583,-5.992927533767427,6.059653880761410,6.224670534782341,-5.935094607217022,-9.342995304405138,-1.805078064262496,-3.493215633680096,-3.223505553639205,-1.828415250097317,7.353595807545474
4.010993644158958,6.447343793863219,6.715580296499294,-0.300113757819569,-9.837338591014879,0.309385373973152,0.715454686181864,-5.486538097943350,-9.734425341289786,-5.077734792983133,8.913655848261598,6.327339827170043,1.396430194671566,7.549959828442333,-8.293275143348351,5.260949326799198,-7.008332109983463,-1.715694677885773,-2.559403666198110,6.236488927108216,5.881925665649741,-4.696534737847491,-8.887371134056803,-3.649145845041454,-2.584791028077717,-4.430163152009641,-7.754913555543497,3.961585911903914,3.640444956248734,-4.095600076561738,-7.423087236164429,-7.685043033640269,-8.260456581688143,-0.054315516683456,-7.607176818858735,-5.178203239512895,7.488354543714497,8.621633454437724,9.505237912535357,-7.723567327817937,-9.914875248755058,1.199850502258954,-8.593551369876931,9.371275894252641,9.660281550757556,-2.905551175389127,9.789463974410701,4.922772057392793,3.250443567369834,-5.837089517732499
7.869434947595330,-0.165696026346067,-8.783197749821866,8.903301030421243,5.967749372886182,8.647129135815337,-2.841776652912271,3.041614004093557,-0.513072091931505,4.848476741294396,-9.618692185198768,1.450294358179010,9.520155071621268,7.362152045052632,5.939800523528886,9.159526600264702,5.882063394762014,-4.708329982539022,7.866765671511303,-3.379257553199421,6.634922240792214,-8.673830316968157,-0.433238620551906,-8.953306953946569,-8.685961224530271,-8.524422472586163,8.603857321162522,-7.361279856852969,1.022216083437977,4.279705655107467,-6.044330524739436,7.547177148475114,-4.095995655193024,-6.809349138269399,-7.333472096595102,-0.695988044091749,1.151819665653445,-5.689226800681856,8.775752073028080,-4.473520930857820,-9.123580542858631,9.813817745010496,-8.949546162397317,8.395885633406074,-6.979953640470084,-5.600472151622274,8.088838138506095,7.721726926886827,9.254892256744746,-7.583265037778311
9.414468918901541,8.021224845431540,8.621315180376222,2.567414859149117,7.563410840430024,-4.388548783142947,9.017655062583923,5.262258327946716,4.550020626603466,4.403533398904756,6.677869496104151,-4.202108140725452,-1.587382456533389,-6.750126182766547,5.189567998903080,-5.174224423203118,-9.203187393705024,3.286575663449556,6.100228066934886,-4.164752524489021,-1.056457539184974,2.880641790489962,6.994715957272938,-8.377810420508514,2.057263473247161,1.420869415327310,4.118958915657963,9.714352156442104,0.637621241780767,-1.570653416475434,3.013913936663585,-6.017498051852441,-5.432688824275990,3.528758858269061,-2.904166358657491,9.739076093920080,9.832735729689276,5.767016146711534,-5.528039894368142,-9.459002760608183,-6.968828571610346,-2.224068766190093,6.475382335002795,-6.193842245022840,-3.377502011869275,8.956202519582753,4.078850554895403,-7.373514709096365,8.166696764622642,-3.029696418155769
-6.325174532259039,6.827895739826669,-6.889177588133579,-9.610171920838933,-0.524411127288886,8.715280460530959,-2.706724729630350,3.604368987645135,9.661815869759543,-9.727053401338805,5.941390930496738,5.100858146705953,-4.058080278912439,4.399134284142756,-6.514982915776377,-0.961499203511289,-9.048428590891769,-2.194426062091872,-3.156390472683865,-8.666773512048183,2.140649601318557,-3.851587766991019,0.094617264063135,2.159756382176957,-7.339713848933869,-0.111735689933026,-0.439152894845265,4.232471568473199,-5.055230527951256,-1.167346462637093,2.756719214537783,-5.284085324785364,0.700931163252863,-0.081108753654613,-5.420255792999027,-0.049477358375317,-6.341595529873363,-6.245470755883426,0.361640002080206,3.093979922907968,-7.335885588093792,1.787566719944548,7.032726564272838,2.901754819505985,-6.549910269823140,-8.870668036691626,-6.434940103388749,7.788881599240135,6.574397270899915,2.631368119211675
5.066079907084317,-3.590605051169802,2.739301221896806,7.002743427775094,5.415188584468879,-8.296250897596495,3.747862103725705,-2.165912092714311,-8.468331985432007,3.714429435840101,-8.489671156742036,9.323106020311176,-8.170494391617268,4.482965281570781,-4.966188686312350,8.795452596309971,-3.280655695446937,-5.032836687664664,-7.020565698543432,-8.297649614016025,-5.821337087065372,-1.919898469539767,7.329510857272446,1.756152028612956,6.756851338599247,-4.498986676699581,-1.084227889851789,-1.699728472988189,-1.966706193414737,-3.701420661033021,-1.716186642687694,4.001571353029911,9.377514552548739,5.838064701541434,-1.170001460542537,-2.467035803538630,8.141243447494823,5.262320057733929,1.525461226947352,1.776873576984592,7.335296182604317,7.691888995636127,-6.850782333072287,-5.956715653980968,5.846608993167909,3.293409014327453,-5.871090239480942,-4.246641602023782,-0.523851113978209,-2.034105596814751
-8.877654913701235,4.013453716037160,-6.152981751431743,-5.894919830272125,-1.102561981223793,-0.615006773842184,-5.290446630886809,-5.195650799728333,-1.191385656792168,7.404668517486623,-3.054216074179516,-3.250682712711530,-1.269348668168870,6.025407841484192,8.591073738855435,-7.235249188211013,4.178485572833301,-0.320831747849713,5.624149685249975,-0.718914244324420,5.542216055149400,8.951872872769734,8.781673296290656,2.606324823703952,7.943503834686190,-1.488624165781191,0.749624796912203,-2.634037403006033,-3.742116735175820,2.893823551143678,-5.296992783318323,-4.493326278495791,8.417898216968439,-6.534996043059918,1.922355658104664,-2.412616994916485,-7.518211045202219,3.274727857516899,2.390289457987153,-9.182501389648007,-7.922177077211138,6.307380381777897,-4.545078475203946,-8.621290601356186,7.096756827143398,-4.725913905107715,-2.953373865286357,3.352967499508923,1.039733164464673,-9.400187362829884
-5.080879637696921,-8.708493787337069,8.202590114828045,-9.481517632047540,-3.180102962344109,1.042054561906935,4.431429449274155,-6.958982196639754,9.679296994112946,-4.050944053225709,-7.956955283018738,-5.469511077757067,-6.240318368273639,7.367200076773869,-2.895954313093774,-7.286679219680440,2.879870784271741,-7.137594730092978,-5.992564459939698,-8.867546141423041,-5.358551616915719,-9.625062190591420,-4.764420763522265,5.193045667505110,1.855974191384536,-9.222214494657564,-6.645983285047590,0.412323226273044,5.153734304091643,3.066778109810492,-5.869936305205742,4.444968162420075,2.766553765253066,2.298365552062052,-0.487942217286847,4.096727068021270,1.119598929513625,-6.892516618466475,2.470616453366311,9.270891454336230,-4.297462896028268,-1.367385225116621,9.058768413817823,-4.615320956016933,-1.700607327088759,4.162227928028708,-5.780744569356790,-0.142040955993448,7.882671828559545,-5.604833183353302
-0.412840394678115,-5.285279379472154,-9.233531112667876,5.720929900261529,-1.267863707015607,9.487256750833449,-0.356600044180793,-7.828941199553297,-7.994557976325051,3.529662332913187,-2.618658936508586,5.903640674097110,-3.039033909732918,-7.177777974227535,-8.609798972181594,5.985286323325415,-7.865881842020766,8.241329303362704,-5.982445536074712,9.252511748502570,9.452360170160972,0.123706617655621,-2.117889707930651,8.249832069227235,-1.206859889915972,0.834946742738698,-0.521870858040268,9.856716385331843,2.600645604978611,-2.110454873054167,6.839215595546491,1.074354872345818,1.812323155941240,-4.562975333107191,2.693244490949676,-6.761443964729168,-1.962584054321091,-3.148325493556658,-5.545699973699982,2.347675628257475,-5.633169294867351,-9.514826594168111,4.311801280101541,9.353821420772110,-3.662436039636656,-4.163311481335965,6.476044424685714,2.747107867923336,-5.629858631925629,7.925504100615079
-1.529055770193375,0.528883522441221,-5.859493924924180,1.395028504480338,-2.712838283035010,-0.716858931067639,5.237183082805700,-5.071899979924648,1.599981844219920,4.789770809142816,-6.411130324096934,-7.500413749622710,-7.906287784869440,4.046390224410763,-2.088737358078498,-9.782105595987211,1.939150482442018,-5.174601335414859,7.692466480780567,-7.336954390771087,6.066075214045455,5.015295542364257,-3.346764632707058,4.316799322917248,-3.843274935860073,6.230113341804863,5.745507855022019,-2.156719676107692,-8.261056270259941,-8.302718170978508,-8.333965440812756,2.839681486473737,8.032662142638230,0.190229774935936,-9.113853658234238,-0.583772407383915,-4.426255262153465,0.240106123962821,8.619858379289411,9.716298405355023,-0.091209529874334,4.929216161360277,-2.320711427707394,-8.833951371719184,-5.734013435055820,8.456800608564446,-1.660704980168033,-7.480751572030771,1.633352859647012,-8.052226977053547
-1.909605644592837,6.694034138490593,-6.297559260650982,2.093691357033574,-8.482532345710162,6.927599384927724,7.274446675711861,4.435197290953862,-3.765703844256305,1.662001742632491,9.727225179014422,4.047500075402175,-5.740289326738061,0.132690897332967,-3.795565568677737,-9.137894775610128,2.671001054920790,-1.551960779545812,9.580338066869309,4.538734032403982,6.488899909019608,-7.651071584280357,5.928348928486354,6.976072542651462,6.096774303421107,9.312518748314890,0.845738575428989,4.670958489445646,8.659063641401055,0.796599998600513,-4.714111782302881,-4.419828619360258,-2.400166782446278,-8.345231408729639,7.315965758518793,-5.995183592821518,1.756456670885598,3.836829528982680,3.776836116623860,6.402628432396192,-9.678488209067627,-6.195845480521731,3.590000629017560,-4.099712781796621,5.833072486178189,3.746814358661243,6.871461982415880,-2.068825780521308,9.071043126643762,-0.234307418770657
6.092678101137821,-9.944532467424398,-4.221365531197239,-4.005812570300451,0.008759528897670,1.593144494608316,6.139975279568780,-7.904386293966212,0.148184593700995,9.154979640163784,-4.090431014963412,6.459608922607398,7.623885204285145,6.851341887569649,1.007797697886199,4.977895976245927,1.827438629348300,-2.793032027661355,-1.128142977356926,-2.708397496598463,-4.337962636500333,4.425071455133391,-8.303057275973122,6.564724167036751,7.940513904854139,1.878924866889323,-2.374193764332464,2.111155828896136,-4.088121192580958,-8.786030443883828,5.271327131629223,-9.463104338030718,3.976734871453711,6.204731681340309,-2.133868993605166,-4.723294872123658,3.276880681749772,1.597874256393848,-6.414272693754029,2.517890262938835,8.057146856705177,-0.247524211563448,-4.782433674424380,8.040920297441346,7.368243070087750,6.233646128591243,0.719210597065405,9.890815182195237,-7.201011837515903,2.946922492250225
6.531592589412082,-3.106890484472022,8.285880674706551,-8.510138540642716,7.059263319264840,7.816779391140017,7.699756198099628,5.194345828519520,-9.411952679739917,-4.563553758716972,-7.900790009045915,-1.534115891939944,-2.027122370580711,1.531377423266475,-4.649253912720585,2.486040747293885,8.171112151060399,-9.189635017931280,1.059023764223390,-2.924919335179754,3.307867914413380,-9.408358750076733,4.115851774889874,6.661477606279632,9.305977602397892,-0.750323481711311,-9.559985776981115,2.439758195602952,-3.079222187386216,5.548067719629975,5.580061012799341,-4.840697896475755,6.521284954982910,-2.602774004409866,-5.424646995696465,3.596016630536774,8.106959379348567,-7.674774987092768,-9.169225108481873,1.978068699782501,-6.070477416173190,5.162694793131880,5.082907382392044,2.681346380573682,5.820254489391836,-3.824958517794248,-0.596918575653211,-8.673924242486596,-9.832016788328717,1.850408975114092
-8.763525948780185,-4.076360863745285,6.473443922959870,-0.402274710547053,1.329194350100156,5.536482491095073,2.895623745181364,5.118594822750849,-8.303365030310434,3.088585370415791,4.076281672662665,6.458867825929566,5.470199960076291,1.201365436689162,7.316809573715023,7.808496723797930,8.286935090359194,7.314137065933867,8.592958740117787,-6.996296607404244,-6.668566945737511,8.229204423501592,6.381401903099604,-9.253889691439067,9.761539044250956,-0.996179364523705,-2.532189509849958,-4.748832511939945,-6.673404046553795,-9.629719935915681,-6.051790257158336,-0.533584887434465,1.279705376364550,-1.113785796261283,7.184180937077368,-1.831631649287237,1.633058697656127,2.448905856452461,-3.277156492883013,-1.249192215850496,-0.754214273581201,2.571138458328001,-6.923193778298621,9.300614314484804,-9.292128670383873,-8.006925534971689,9.334470764276595,9.678823814770002,-1.915683088401030,1.341578483163126
4.129959921378408,7.979117660278259,6.170322566752404,8.297711250401083,5.100871591178436,-3.679306896681764,-6.070051129778379,4.021944038773258,-3.454134169734830,1.792778450455694,-6.154031002288805,2.635408000014392,0.862425189438120,-1.038234011737895,4.591582092110366,9.917516862430645,-9.204321938792559,6.659567963469584,-5.641057626575881,-8.051773332648091,-9.588893168466161,-5.779693344423937,9.447396380414517,-0.034235696652974,9.008525483115335,4.615670189462744,-9.997025064918677,6.921357709879800,3.843575712670379,5.649284327890232,-6.671354397738680,0.775061892230015,-5.336781700662129,-8.395122531357089,4.010958734565195,-4.240913098347720,6.386747407024224,5.967214257289120,-3.333646335686559,9.986200168276376,6.520903376395470,-1.689665123115846,-5.593169146710841,2.162582661574985,-2.517275852814191,-1.468161906437873,-6.504112325483431,4.626514217173579,-5.818746891808488,4.568637475092061
-8.717994505276202,5.447027594223204,-5.059404591658499,1.363113806078079,8.717919948249946,2.939628025956436,-2.200106920130363,-3.380289474765199,-6.420968174380111,-8.936193108709956,2.201721792698983,6.262654462723841,-7.382685055991399,6.491913580366806,-9.369165035407438,-2.558115155168541,9.328643894087506,-0.975329995358399,-7.438463580801510,3.033932140139502,0.864753291157758,-7.158056054288742,1.091487664835274,9.122049375133475,-1.647068414235873,1.840334840710590,8.008249509089232,9.107004959579527,4.407962498536889,-4.534946026130982,-4.979767575608638,-4.004834791984051,-1.874512675329163,8.169828788684129,-1.486397266569222,4.275750628179786,1.126653694850269,-0.832370844161101,5.960236086625883,6.699171717849133,5.258694470657421,2.955714604796153,-2.030070739916354,3.121238674468517,6.344649582712087,2.263381765522807,-6.380095891567872,-1.710777383109477,9.423965448114732,9.094520394577671
-4.126345011616697,-6.800533852995634,-6.768126692873868,1.728656129692256,6.881315880006571,-6.910398478689488,-7.562040597111319,-4.629116432193174,-5.680663338007435,-9.590107818677785,-2.964220960927255,5.624454291730551,-0.216593863431507,-4.834984228989956,6.836921737806115,2.993828806000774,1.430456361615667,-0.965895216536358,5.269304232582465,-9.136473433343733,9.914685971722115,-4.503833096480568,-0.341479099749240,7.472023820775984,8.718519890105082,3.828705406481669,7.827344358334628,8.760780865470714,-5.125937317934889,2.858603063684999,-3.182215503045295,-2.416423951933131,-3.057356371515246,-1.448030909435648,9.463204193924110,1.920342733020789,-8.947384628245324,-0.232989317853756,3.723518190929575,8.242028536216150,-0.490266247537978,0.162417831693769,-7.312289736302999,2.523137644681825,-1.052587089521346,-2.702780305724632,-6.006813078133924,4.331409210297092,-9.366961012200701,-0.585616209188915
-1.660002475602449,8.011732981445789,6.460663814739029,4.165845558859662,3.165898459784549,-8.512878582700909,9.156869573463741,2.858452142034873,3.379539185189500,3.838445697765671,6.828218278988547,4.404290614386042,3.149551384208817,-2.441966400297783,-7.574371843139927,3.963178667277109,5.357637084099798,4.818937997116830,8.083096460952515,4.312526631617654,9.657846256429444,-0.449510917441442,-6.602717511357341,0.401031141075979,6.443093692655900,-9.668978279630885,0.761601674885714,-8.679160360498013,-4.052973571211669,4.702929363626623,-4.981695873193730,-9.647039413261375,5.936254647570646,-0.467044886118407,2.172235548612028,-4.806391321138861,-3.984321576915962,-6.348593738222279,-9.334584833804740,-3.522253720566511,-8.061275172350769,-5.014176070661394,0.418699463634892,-2.393510643718805,5.063961764850388,-2.640140442089665,9.070451075364339,-5.467300168319092,-7.687110381791862,-7.866683654083921
4.459501725758869,1.422763461026214,-7.170495008614202,3.263672426335123,4.170683155613272,-9.883690045673042,0.918424574143696,4.272938465826943,-8.443445693348012,1.097445969054673,8.216051890366110,-0.933576937505851,7.535853961800637,8.365532239561244,-9.068899542975572,-7.519082205099044,-5.113254453582781,-4.502605813170348,3.881901727258805,2.733113338535771,-5.955239147854606,5.566680209992418,-6.489248838354915,-5.614887543745435,-4.432158870768204,-8.668875611259130,-2.624805890495678,6.836503454357452,0.123465316826742,-5.094212064589159,-5.861678910698156,-3.742851970985406,9.261595536814237,1.683772505096826,1.215058279662424,0.648710338831609,-6.677430073681814,-4.367782423352722,-6.032030184403632,-7.468637116286942,-4.597979759215591,-2.564584037340429,-4.264736437433458,9.159320290831790,9.802328164982011,-7.710719762019663,-4.819804988227448,-7.414158186601636,4.669151799672886,-7.445589899972893
-0.571289521303642,-0.500821421632946,8.546808067848978,6.835529659434282,-1.870020110665449,-8.181311779830677,2.844112962244091,6.743148414402377,8.446728303437034,-8.554566890435924,-0.037384924597161,-3.794536560982744,-4.538714235580860,0.256318467292738,0.841372068722013,-8.053465584483737,8.328828816321735,3.145530315295071,7.677832798027207,7.045666463061359,6.001773290381159,-7.153145284771738,-1.149481734174024,-9.631578590477663,9.368889392744155,-5.445112491048498,-6.582532697496091,1.593355249837673,0.134951412346368,1.500039703585227,-5.315804841894963,-1.036147325871466,-5.926807013308739,-1.944639697075655,-6.859489004868406,-1.614999301778502,8.752502167498335,-9.614086494962779,5.249388389492609,-2.548344933121669,8.918306776000481,-7.219699899703089,-8.711707492259082,3.568128272244044,-8.048561884049722,-4.319219620626502,-2.507230305827132,4.803538428191512,-3.808634062178498,6.995794036438607
6.596341801610734,-3.224072222685463,-1.057331305779755,-4.342388643571933,-9.579195309792649,3.505182623682266,8.149375511598119,-5.614968535920153,-5.561555566298029,1.362641418302575,-8.166682057548741,5.332272614968002,4.410612845884618,4.217245343961640,5.166642100759125,1.329393264427654,-5.291939581348450,-9.805373819205627,-8.097574267884394,-0.038862044425645,4.901079865814975,-8.610338292219939,8.732831773968464,0.910429522098195,-7.348615175751146,4.610173315605405,2.017037345764665,5.615307222069422,-9.335711673296828,1.084316446357933,-0.059498936516928,-2.309609314549301,2.207034420541259,-0.238743560894559,-9.533897288695075,8.287819280791091,7.834008890115403,-8.547279167212334,-7.006073181994807,-4.448437004474258,8.976925530762944,-5.263251303848222,8.751612158460766,-1.442516700019551,-1.740591625173893,-4.820150488729849,8.899580491335243,-2.134070746360155,-4.321831459180627,-6.419764243721355
-1.167475476612260,9.522219297929045,0.299208849044758,-8.846079697802034,-2.607738086649933,7.297929515761233,2.878573803123158,-1.006512497827028,9.694257770905427,5.844443287032790,-0.683389928120363,-9.645992263321201,5.482987114171085,5.793415177444244,9.630771482096755,-8.100132496406927,5.781864382354872,2.989564304289051,-9.109503883103487,-3.771154570692651,9.602639911033634,2.771413684160464,1.808455152362784,-4.063809455959808,1.225566675875207,-9.678955701092422,4.158086721615657,9.077993805211747,3.042573102755728,1.784978613667274,-9.487907155087507,2.743954487283135,-1.832832889582141,-0.865752985439627,-4.437314334880497,-9.698326187764163,-1.482781206849996,7.741637448874990,-5.972700052898421,-0.404178941036289,4.112088666054374,9.792119060368304,-7.009066721001814,-0.146156846620258,-4.809487540397084,0.475121253117820,-8.260428990893637,-1.958707952236942,6.207054789868629,-1.023250851342926
-8.349897570881723,-7.876507763091629,9.513295000527645,-7.302505130432799,0.967644658998427,-4.482609267472817,-6.958930222490027,0.065915196130968,1.636882843057519,3.316233094378347,-5.563384315141901,6.848457970350150,-7.459673606931312,-4.250660232662737,5.407279284389503,3.812715755760914,-0.335957244318267,-3.095018027438896,7.857875350938880,7.008431003380931,-0.266724882399847,-4.204137961765319,2.380342510474733,5.169808917629597,3.052734706639090,0.182445903370919,2.606644306113653,8.030769448028032,8.981030502632795,-8.312985585656236,-4.164877215621967,-7.563036265532032,-7.702701921897219,1.011727463710784,6.139348951163058,1.057319843131063,-7.987592355039983,-6.470626950419788,6.566118814495717,-2.659040742597105,-3.122409821742989,-5.551022703243820,-6.200227922750980,-6.162234619438256,-5.772019085584050,0.859656518317953,-9.640526629572355,7.087897655885055,1.743997583157014,8.367353981797788
9.122844802227029,-8.844919800648928,-1.594842242394432,-2.975329803716695,7.252299854333014,0.866568704181335,-5.165697631834430,-7.592903535403361,2.226071069094594,-2.718052170706775,-3.146447964985319,5.400917946067320,5.622297512084449,9.071399280081728,-6.548943351302714,3.876252480727974,-1.729469869159765,2.026465841475012,-2.137702246365349,-5.086205614764305,4.016319766351184,8.101789599960469,-2.166260030032854,-5.768924212309172,9.885659499504143,3.350670213251089,5.736652537439475,-3.808196027212595,9.608936021628750,-9.474473187325046,-3.579051540903735,7.962651726211657,5.279875551832893,1.015570589759434,-7.804269936423562,9.295446405493763,5.955766092142376,-4.293147670041013,8.047198587144401,-7.273064587423055,7.562901160416938,-8.570660719891547,6.744081493046519,5.284626789736116,-7.353291481642311,8.058881568646004,0.232752148608206,6.851204640202784,6.483098019898925,7.237487294746060
-2.315593965583473,-1.846542029924729,0.891551331352369,-0.061012165294429,-7.047748402477161,-2.116813133426576,-7.180853108864942,-5.388868037851569,-2.545584995148744,-2.681062660892741,-3.128666240486469,-2.393652383795191,-7.424692724269127,4.323599629924921,2.784908163444692,-1.097273791228995,9.161720480244320,-9.056257876685279,-9.934622849796622,-8.114542879457783,-1.720694603468456,2.977441736545835,-2.895950523850672,-0.960490130675407,-3.110095179922777,-7.663547090969467,0.252142421143375,9.907642570845454,-5.187525435568149,0.433971312280706,-4.532039266960359,-4.901336835019072,-6.882811103565274,-2.899156840235646,1.920141847486704,2.862700458946300,5.802163723118268,5.763338264847800,-0.316484660319443,6.557749020116670,2.464998523327955,-7.329865015021735,6.488435115581062,-7.264610963869469,-3.281409785757361,-4.285454583795194,3.973344387651325,3.323042573575739,5.976593089982636,8.554998571986111
-9.965645464965746,-8.765395816355053,-4.130233442801883,3.541136538822903,9.868827617293302,6.568889173837146,-0.151404123500104,-7.867524575849063,4.914615735687921,1.272492917802863,-3.210319301362137,2.159422260953534,1.847377257642496,-3.437944593260312,-8.157421412417794,-7.528899309506913,-1.775871277170873,0.520770174124470,8.254401518837199,2.587004574891044,7.558239217694840,8.481458297468492,1.750079111307405,-3.051560031368519,5.208844012250022,1.384820131750775,3.262860641314214,-1.217011991422822,0.125829934253305,-0.652520493187449,0.707605809567340,4.917063206910129,9.813825883691223,-3.870706835439714,5.813063903892656,-4.950192358906111,-3.584104143666107,5.618269953881310,9.807239115669624,6.406121214587305,2.200526481405124,-3.699655633248675,8.121788894484130,0.877564898374279,4.512089717073344,2.250891832001527,-2.411180637008449,-7.040055641448784,2.447334638462229,-1.663074467536562
-0.207445971681985,2.281267382926286,-4.028635048350278,2.097605546373082,1.740333033406682,4.758130215436374,-5.796233878057055,-7.961175205693005,-6.091678622969705,-6.464651125615921,9.608154535779860,-8.168297865212788,6.015336157493735,-7.233940157687952,0.207171131370540,6.117412918107583,-4.041810741081051,-7.551443328571099,-7.960346372872039,1.202560347952009,-0.236777714799052,-9.083956757481371,4.571680036761499,2.848213418032834,8.004073270738946,8.994719550070155,9.961795875891784,-6.028472054923439,2.494153920807406,9.859109903159812,-2.210629515833205,-8.519308182774996,0.957610708651082,4.895121431496918,-8.738572321840152,8.032558458735537,-0.543763149964008,-6.536463985474046,0.367049288118304,-2.902552003698555,6.949031365311463,-1.624539581228291,-1.053375695705611,-3.267910420181974,-1.377981446441854,5.529525573743488,-6.286946568354839,3.165918283149903,-6.768164014504350,-8.229021049292575
-3.859109407632442,-9.105540793820284,0.546707503579125,-3.658210635575497,7.193919422790039,9.027186248589359,-8.549306754914030,-5.387113292173571,9.987579811991548,8.281299786468285,-2.000932205595428,-8.985272111012305,-2.019061431279708,7.635129751064454,-1.671488020977822,-5.893478495737652,9.606685465593536,-1.777123255984341,7.792516718736024,-6.503413733343129,-0.403048576441352,-9.085116452795518,2.496676151690725,-1.885419295467692,4.902327004303233,-4.606526747377462,5.274384721421765,2.455907961758326,0.091617122565463,8.113938402951526,3.990336129007240,-4.355134969229346,6.939520520424260,-5.349228094878136,-7.461546456770771,8.235089489045773,8.900675673368259,0.427178392217053,2.784759508364157,1.447258406388608,4.368500040607907,-5.975782491848416,7.331178321621085,-1.772021206976797,4.424674680808959,0.619483639297409,9.321261454941567,7.828479092836606,9.476064366841609,-2.327696716902841
0.950685939166146,-1.357517938722090,8.004762182571007,3.845317301234466,-4.886205304807612,-6.914340570926798,0.893817297295447,-2.921409378749658,3.711833134910027,2.327548656268856,2.759400362080275,3.039310729302349,-7.260576703223858,9.948464757132420,7.833730687491524,5.224512581606851,-6.383768075748626,5.847714356119027,4.203630059427653,-3.018568933237389,-1.599807653943486,2.376255405574943,4.855094242237799,-7.915291998459296,-3.386637828554626,-5.788601926195513,-7.693880825010737,7.788344962223778,1.577909458385733,-8.294007445645184,-5.908024016966027,-8.498735535994154,-3.540984176915187,-9.991700566890117,1.853833846887083,3.355726921773631,0.524892595130588,9.256009880167547,7.980807940728486,-4.378023527863675,-0.168887087038192,0.185882250590957,-5.563632003839074,5.448734515769031,9.026024765038368,-1.368716779236159,-9.856701904960900,7.344808659577460,4.336193966822744,-4.643728371285921
-1.533593051726374,7.680727896281244,0.739120847698977,9.277220665967583,9.408852222824557,-1.970613665686658,2.297076732041434,-4.191362003795756,7.569288347889497,-3.089226047086237,5.324195347005054,1.696969233789760,-7.740143713374392,-8.316270090233166,-0.142016208512752,9.681947510257974,0.768980712179054,8.220713096262159,-4.559370859572470,-0.613459523436493,-4.019296564028119,-6.520403699101356,-4.674715825125164,-5.138383838644918,-9.438561441919598,4.944945832171081,-0.471012654253451,5.364347363457167,-4.139181242186329,-6.435985924366969,3.015189331698503,0.601791574167025,6.120378988909160,-8.043265083193091,5.598584525610708,-1.604519381814306,0.339413176058569,0.701774749234769,-3.494976910395609,1.849326567862583,6.731291121364585,5.148494437210383,-8.840783213073735,6.586108230593098,-9.951624337549141,-1.368211556344342,-5.093493282719748,-1.176600103719439,-2.381036420954219,8.857595207423664
6.426805428277561,-6.826263831224281,-8.134278602217526,7.760483206817401,0.760729868086248,7.073440325971969,3.863859647624137,-7.151749593812873,-5.069795932649976,4.366663314751648,7.975739627764888,-4.204623889075956,-6.381388410264252,-9.991007784146584,-7.357487344286026,5.339031948114970,4.092710349598534,6.482255436511220,-4.190433690720203,1.101799855493050,-5.231747405328091,-5.997730782982864,6.666479624723568,-6.551531057165645,-6.260317276421747,-9.739780387088890,1.589696060693742,2.938620678668475,4.210388009190172,4.877430728879936,4.963156753222457,-6.868216881196432,2.306559103384460,8.266225252521334,-3.741074912548232,-7.889064045148604,-8.161192537017437,3.820661328711632,2.987861740471772,3.675516206704838,-3.832569892357243,-9.000884192254478,-4.819914031887443,-8.891226847485314,9.327082466894456,-0.301430591492867,-1.466247060981974,6.661371440724430,-2.059456281396644,-6.518778937804539
-2.890062431136526,-2.111382800725316,1.529278318046428,6.768590907608207,-7.178835568087116,-5.100878094369441,6.504915086726204,4.196379197799807,8.615561860347285,-5.256493672528277,-8.585717278744449,1.871052954042343,5.500617063183078,8.490838493282904,-3.612346559239212,-7.250973111205545,-4.834246174418007,8.768491990089814,4.191428597280682,-8.336378969670514,4.225945221587573,-5.331475986767458,5.861963382049183,6.857191514250740,9.724804287140184,-4.070269701469336,6.959812590409150,4.428638645819680,7.852210356595503,1.101842309993673,3.581871341457139,-7.412653176987618,-9.634433188371903,3.848516114645285,4.729071886837398,-2.646985825296384,-7.742948520312421,-4.064696535754486,2.255247251770651,9.274177765986273,-9.833771962015668,-1.714556045658821,-7.926798353880775,0.778442066580254,-6.931888607203471,4.657914371392023,-6.656636469992055,3.536762956099659,1.423745895565045,4.856040456911614
-3.744939260794842,7.232425193334691,0.509608375540282,-8.035753939281422,-5.032482451470328,-5.114195668296619,1.828002577771901,1.459948450536636,-0.355695675288937,-1.463310238226885,-2.240108216999630,9.679771154442953,1.113669464163106,-5.745407069156851,9.862630568012762,8.521753215837311,-4.147394227806900,8.019146268477449,7.147324084699630,-3.069317905881470,7.239103706747713,5.097097436516140,2.824944850104432,7.765078210744637,-5.154881663851432,-0.284166719629670,-6.560702703842869,-0.998155964591984,2.354021945744558,-4.442436363173615,9.656813257483886,-1.428264851603567,-9.272820084581594,8.641990912232028,9.819530735303193,-7.449221473499794,2.797598682385667,-9.798588619272461,0.130901594945112,2.640729637931461,-3.510982134252578,1.959956986080222,5.411685680272523,-0.186282904555572,-3.754547928155116,5.018801986887240,4.578468343511354,-5.838986883058014,1.139067634263554,2.168336635328544
5.455258321665958,-4.499511680838126,-6.079410863290134,5.875185736813631,2.894655015685190,-2.296359951585984,-7.116684933214364,-8.647605980301325,-7.184178518862570,-5.435648993313893,0.725725008195868,1.662028147899687,6.219283559467151,-9.347549148936094,-8.779860641819145,-7.071952011440730,4.007998145962297,8.137728293645257,-0.424587426183376,1.514040232992768,9.557924399878615,4.547706036036132,-6.215262521840068,-3.900959442265888,5.226669016526849,-1.073840372567798,1.349903336021596,-0.673128497455750,3.418667207323111,5.949893429019632,-8.299613641430192,-4.421908897526703,-4.940583950002742,4.015549752706198,0.049700462894444,3.415356581004243,2.610762329740581,-9.354584296950822,8.005042172206590,5.666032811857715,-1.045936223426068,9.012811458191578,-6.036508057860887,-8.136413807492071,5.534579348924149,5.703064272807046,-9.145765187530115,6.383906937520372,0.419284891684516,-7.792316853801086
-6.094293725583107,8.458606370441526,6.649266551129170,4.839675723268398,4.848386284211193,-7.913983291894691,-2.395822112939861,8.723760899715217,4.983303117401533,5.665064420574495,4.911073577410779,3.093720746716858,8.471254243461658,8.367979682988000,-6.305975659924581,-8.932944074474538,-3.027281031759442,3.671682500478134,5.187987437957045,8.008255433690671,-8.769058958956222,-8.537651158849307,-8.293931474644046,8.148823345831101,-4.855776392824325,-9.436924872940848,9.255690932235400,-8.928054329972170,0.110721823971303,-9.185520371621944,6.105851484277633,-7.610547668914309,-2.485380224634961,-7.389962405637720,-6.617965874973986,-4.477428638201680,-6.596499854080524,4.835463113942852,-3.986378083022433,2.227936565897572,-8.214119020360632,6.494262762071340,2.435353951586114,-1.095295323727466,3.438405239719227,-1.253383040348657,0.946620541230143,2.960561453101002,-4.029509460768741,1.664022181795437
-1.044558712480320,5.445745997035157,-7.908970202113164,-5.911843867455184,-8.459965027975556,3.407878203969005,-2.567145036206073,3.272810664200508,2.862920037904765,-0.045371536578664,-7.466817574521157,7.749860055523776,2.070483337723164,1.546641088150938,-8.558284588044927,5.254284985505514,-5.180533585963529,8.990479945247593,1.027292433029217,4.145436834734987,7.262011902117031,-9.948995533386590,2.281151791805804,2.464577261097434,2.543819780350344,-9.080808008478440,-4.805830728544260,-9.406171279758336,1.694680726935447,7.806902650735314,-4.025028215221978,-2.818481890117641,-3.159818431807246,5.207201263977003,9.643044591197935,6.570787645421944,-2.200289617192848,-9.057207289558107,0.198359493563078,-1.314862766142932,1.947820677766977,-9.486355051773774,3.523971116886237,8.300455885253839,-8.761658372549366,8.359634847981383,-2.269723782885229,7.419592585285766,0.187832260296281,0.764475706245362
1.534868353858768,-2.704322171958397,-5.504046188405041,-2.085107489232971,-4.046570984087044,5.304267829263489,-4.346382361802752,-6.161858335407365,7.031056209047378,9.813459281893373,3.810672144770733,-6.837745054701134,5.552447127034609,4.047247451441381,-4.339169189335665,0.157909179182827,-0.912110262762113,2.258057801448452,-3.986441532576459,6.571729707032151,-8.118839103526110,-1.903091773653703,0.539064572731512,7.783397244794863,7.311040952332281,-7.866922593120524,-1.379346834903298,-9.570190061218621,-7.190189094534065,9.137896694798577,8.199664199432476,-7.126164020052532,-7.633244293733334,-6.950913999718362,3.578788308268662,-2.801945375107666,7.679609655121212,2.263110629710262,7.696655523115940,-1.359184084766092,5.574363031022527,2.941470821395990,-1.121921991204024,-8.540981938864734,-5.046284470315294,-9.851055033031013,3.663479476747064,3.489205617867604,5.165012298052398,-6.199435890257606
9.226464126424624,-7.678751221156654,4.979086091052325,-4.214050576219865,5.513848524657611,-3.832439400239210,-6.438870457446077,-3.019669940534944,8.823308394257747,5.977632027368360,-5.974600939342336,0.883494162763959,3.661518216078754,-9.986160588462656,0.392482831805545,7.488771975221759,-6.832567758492109,8.599575437091175,-3.898674658895576,-6.975750358020116,-5.046253135721397,2.629072782009176,3.927170360245508,0.748543673921949,-1.041672919138259,9.597446058803897,1.438220486392170,4.996957113112757,-5.759004183958227,-6.333375468098232,8.009032099398212,-3.304289068898569,7.654146000674501,-2.767770954226405,-4.290939293071981,-6.504988660565363,5.584555805236917,-5.151888641949515,-3.011382258590971,-9.728225432923361,7.699531656452365,-7.026226721670945,0.527962875214056,7.934835372904981,-5.245333994976424,6.476817185461698,6.856098292842098,9.382672347611070,6.486159081649273,6.572573880088733
7.545673633706564,9.272302173696836,-1.433147015707680,4.093467120681321,-2.024065752862565,-5.430976232328870,-8.419589481331982,-3.269039610659168,-5.052987661710788,1.556315597191720,-6.079884522151666,0.436649029487251,-6.478889529884557,-6.524230116184704,-2.593882288702711,-3.050755732039574,-3.007540156419466,-6.680860240317710,-7.346651219118449,-2.539426518950716,2.290238740528224,4.524514373365850,-9.022169435702025,9.346733029925652,-4.396063350133835,-4.376226673281027,-7.758883631620810,2.404164887538842,-5.205756047305039,-6.811116160408304,-0.053045640488614,-8.550354763314914,5.445223993169455,-1.074033428911779,4.322998738373903,-2.404633678358302,2.489924706910177,-1.664113819418340,8.478667222631408,3.016506127559834,-2.352746375832552,-4.709027777026858,9.796866197445809,-6.497679747773084,0.835106505302566,7.080984645299175,-3.044330255995089,-2.522908675794271,5.855582306552957,8.949109538660693
